Home,Away,Stronger Team,Your Team,Home Formation,Away Formation,Home Style of play,Home Marking,Home Offside trap,Home Tackling,Away Style of play,Away Marking,Away Offside trap,Away Tackling,Home Training Camp,Away Training Camp,Line Tactic-FW,Line Tactic-MF,Line Tactic-DF,Pressing,Style,Tempo,Home Posession,Away Possesion,Home Goals,Away Goals,Home Shots,Away Shots,TIP,Result,Your Result
Osasuna,Celta Vigo,Away,Home,4-2-3-1,4-3-3 B,Shoot on sight,Man marking,Yes,Aggresive,Shoot on sight,Zonal marking,No,Aggresive,No,No,Attack only,Protect the defence,Defend deep,55,46,39,63,37,3,0,11,3,,Home Wins,You Won
Osasuna,Mallorca,Home,Home,4-2-3-1,4-2-3-1,Shoot on sight,Man marking,Yes,Aggresive,Passing game,Zonal marking,No,Normal,No,No,Attack only,Protect the defence,Defend deep,55,46,39,61,39,1,0,8,4,,Home Wins,You Won
Getafe,Osasuna,Home,Away,4-4-2 B,4-2-3-1,Shoot on sight,Man marking,No,Aggresive,Shoot on sight,Man marking,Yes,Aggresive,No,No,Attack only,Protect the defence,Defend deep,55,46,39,32,68,0,1,3,10,"Not sure I agree with the Man marking here, there were too many defenders around to execute it.",Away Wins,You won
PSIS,Persita,Equal,Home,6-3-1 B,4-2-3-1,Counter-attack,Zonal marking,No,Aggresive,Passing game,Zonal marking,No,Normal,No,No,Attack only,Stay in position,Defend deep,50,24,65,58,42,2,0,6,4,,Home Wins,You Won
PSM,PSIS,Home,Away,4-2-3-1,6-3-1 B,Passing game,Zonal marking,No,Normal,Counter-attack,Zonal marking,No,Aggresive,No,No,Attack only,Stay in position,Defend deep,51,25,66,38,62,0,1,3,8,There's a lot more to gain from those Free kicks. I don't think Marukawa is up to it.,Away Wins,You won
PSIS,Tira-Persikabo,Home,Home,4-3-3 B,4-4-2 B,Wing play,Zonal marking,No,Normal,Wing play,Man marking,No,Normal,No,No,Attack only,Stay in position,Defend deep,69,67,73,63,37,3,0,18,5,"Zonal marking against these forwards? I think it was the right call!
Marukawa isn't the indisputed leader of this Squad, I don't think he can handle being the Captain.",Home Wins,You Won
Osasuna,Mallorca,Home,Home,4-3-3 B,3-3-4 A,Wing play,Zonal marking,No,Normal,Long ball,Zonal marking,Yes,Normal,No,No,Attack only,Stay in position,Defend deep,71,71,71,64,36,4,0,22,1,"Loving the Tactics, loving the win. My work is done here.",Home Wins,You Won
PSIS,PSS,Equal,Home,4-4-2 B,3-3-2-2,Passing game,Zonal marking,No,Normal,Shoot on sight,Zonal marking,Yes,Normal,No,No,Attack only,Stay in position,Attacking full-backs,75,75,75,61,39,1,0,10,4,,Home Wins,You Won
Cadiz,Osasuna,Away,Away,3-3-2-2,4-4-2 B,Shoot on sight,Zonal marking,Yes,Normal,Passing game,Zonal marking,No,Careful,No,No,Attack only,Stay in position,Attacking full-backs,75,75,75,48,52,0,1,8,8,,Away Wins,You won
Osasuna,Girona,Home,Home,4-4-2 B,3-3-2-2,Passing game,Zonal marking,No,Careful,Shoot on sight,Zonal marking,Yes,Normal,No,No,Attack only,Stay in position,Attacking full-backs,75,75,75,62,38,2,0,11,4,"Loving the Tactics, loving the win. My work is done here.",Home Wins,You Won
Persija,PSIS,Home,Away,3-4-3 A,3-5-2,Shoot on sight,Zonal marking,Yes,Normal,Shoot on sight,Man marking,Yes,Normal,No,No,Attack only,Stay in position,Defend deep,58,36,54,34,66,0,3,4,11,,Away Wins,You won
Espanyol,Osasuna,Away,Away,3-3-4 A,3-3-4 A,Long ball,Zonal marking,Yes,Normal,Wing play,Zonal marking,No,Normal,No,No,Attack only,Stay in position,Defend deep,75,75,75,35,65,0,3,9,14,,Away Wins,You won
PSIS,Bhayangkara,Home,Home,4-4-2 B,3-3-2-2,Passing game,Zonal marking,No,Careful,Shoot on sight,Zonal marking,Yes,Normal,No,No,Attack only,Stay in position,Attacking full-backs,82,78,77,63,37,3,0,12,3,"Loving the Tactics, loving the win. My work is done here.",Home Wins,You Won
Osasuna,Real Madrid,Away,Home,4-5-1,4-3-3 A,Shoot on sight,Zonal marking,No,Aggresive,Passing game,Zonal marking,No,Aggresive,No,No,Attack only,Protect the defence,Defend deep,40,20,25,50,50,1,0,8,8,,Home Wins,You Won
Persita,PSIS,Away,Away,3-3-2-2,4-4-2 B,Shoot on sight,Zonal marking,Yes,Normal,Passing game,Zonal marking,No,Careful,No,No,Attack only,Stay in position,Attacking full-backs,85,79,79,41,59,0,2,7,10,,Away Wins,You won
Sevilla,Osasuna,Home,Away,4-3-3 B,4-5-1,Shoot on sight,Zonal marking,Yes,Normal,Shoot on sight,Zonal marking,No,Normal,No,No,Attack only,Protect the defence,Defend deep,40,10,60,47,53,1,0,6,7,,Home Wins,You lost
PSIS,Madura United,Home,Home,4-4-2 B,3-3-2-2,Passing game,Zonal marking,No,Careful,Shoot on sight,Zonal marking,Yes,Normal,No,No,Attack only,Stay in position,Attacking full-backs,85,79,79,60,40,4,0,9,6,"I would spice up the Tackling, especially with this referee. He prefers a harsh match.",Home Wins,You Won
Osasuna,Real Betis,Home,Home,4-3-3 A,4-3-3 B,Wing play,Zonal marking,No,Aggresive,Shoot on sight,Zonal marking,No,Aggresive,No,No,Attack only,Stay in position,Defend deep,65,77,66,63,37,3,1,14,7,,Home Wins,You Won
Rans,PSIS,Away,Away,3-3-2-2,4-4-2 B,Long ball,Zonal marking,Yes,Normal,Passing game,Zonal marking,No,Careful,No,No,Attack only,Stay in position,Attacking full-backs,85,79,79,39,61,0,4,5,10,,Away Wins,You won
Arema,PSIS,Away,Away,4-2-3-1,4-5-1,Counter-attack,Zonal marking,No,Aggresive,Shoot on sight,Zonal marking,No,Aggresive,No,No,Attack only,Push Forward,Defend deep,61,63,79,34,66,1,3,4,10,,Away Wins,You won
Atletico Madrid,Osasuna,Home,Away,4-3-3 A,4-5-1,Wing play,Zonal marking,No,Aggresive,Shoot on sight,Zonal marking,No,Aggresive,Yes,No,Attack only,Protect the defence,Defend deep,40,20,25,57,43,4,0,11,8,,Home Wins,You lost
PSIS,Persik,Home,Home,4-2-3-1,4-5-1,Wing play,Zonal marking,Yes,Aggresive,Counter-attack,Man marking,No,Normal,No,No,Attack only,Stay in position,Defend deep,76,77,76,61,39,1,0,15,5,Choosing Zonal marking was the right choice against this opponent. Good call!,Home Wins,You Won
Osasuna,Celta Vigo,Home,Home,3-3-4 B,3-3-4 A,Wing play,Zonal marking,No,Aggresive,Long ball,Zonal marking,Yes,Normal,No,No,Attack only,Stay in position,Defend deep,67,75,73,63,37,3,0,17,6,Maybe using the Offside trap wasn't such a bad idea against today's opponent. I saw some opportunities.,Home Wins,You Won
Millwall,Swansea,Away,Away,3-3-2-2,4-4-2 B,Shoot on sight,Zonal marking,Yes,Normal,Passing game,Zonal marking,No,Careful,No,No,Attack only,Stay in position,Defend deep,82,78,77,34,66,0,2,5,12,,Away Wins,You won
Wolfburg,Schalke,Home,Away,4-4-2 B,4-2-3-1,Shoot on sight,Zonal marking,No,Aggresive,Shoot on sight,Zonal marking,No,Aggresive,No,No,Attack only,Protect the defence,Defend deep,50,29,70,55,45,1,0,6,4,Liking that Style of play with this Formation. I think the players enjoyed it too! I really liked the tactical choices today. It's just unlucky they didn't get the win today if you ask me!,Home Wins,You lost
Valladolid,Osasuna,Away,Away,3-3-2-2,4-4-2 B,Shoot on sight,Zonal marking,Yes,Normal,Passing game,Zonal marking,No,Careful,No,No,Attack only,Protect the defence,Attacking full-backs,82,78,77,45,55,0,1,8,9,Zonal marking against these forwards? I think it was the right call!,Away Wins,You won
PSIS,Persis,Home,Home,4-3-3 B,4-3-3 A,Wing play,Zonal marking,Yes,Aggresive,Passing game,Man marking,No,Normal,No,No,Attack only,Stay in position,Defend deep,66,67,78,65,35,5,0,16,4,,Home Wins,You Won
Atletico Madrid,Osasuna,Home,Away,4-3-3 A,4-4-2 B,Wing play,Zonal marking,No,Aggresive,Passing game,Zonal marking,No,Careful,No,No,Attack only,Protect the defence,Attacking full-backs,82,78,77,62,38,2,0,15,9,,Home Wins,You lost
Osasuna,Elche,Home,Home,4-4-2 B,3-3-2-2,Passing game,Zonal marking,No,Careful,Shoot on sight,Zonal marking,Yes,Normal,No,No,Attack only,Push Forward,Defend deep,82,78,77,58,42,3,0,9,7,,Home Wins,You Won
PSIS,Persis,Home,Home,3-3-4 B,3-3-4 A,Wing play,Zonal marking,Yes,Normal,Long ball,Zonal marking,Yes,Normal,No,No,Attack only,Push Forward,Defend deep,77,78,78,65,35,5,0,20,4,,Home Wins,You Won
Swansea,Huddersfield,Home,Home,4-4-2 B,3-3-2-2,Shoot on sight,Zonal marking,No,Aggresive,Shoot on sight,Zonal marking,Yes,Normal,No,No,Attack only,Push Forward,Defend deep,73,71,57,61,39,2,0,8,5,Luckily this referee can handle that kind of Tackling. Great fit!,Home Wins,You Won
Schalke,Dortmund,Away,Home,4-5-1,4-2-3-1,Shoot on sight,Zonal marking,No,Aggresive,Shoot on sight,Zonal marking,No,Aggresive,No,No,Attack only,Protect the defence,Defend deep,62,21,59,49,51,1,3,5,6,Liking that Style of play with this Formation. I think the players enjoyed it too!,Away Wins,You lost
PSIS,Borneo,Home,Home,3-3-4 B,3-3-4 A,Wing play,Zonal marking,No,Careful,Long ball,Zonal marking,Yes,Normal,No,No,Attack only,Push Forward,Defend deep,77,78,78,61,39,1,0,19,6,,Home Wins,You Won
Getafe,Osasuna,Away,Away,3-3-4 A,3-3-4 B,Long ball,Zonal marking,Yes,Normal,Wing play,Zonal marking,No,Careful,No,No,Attack only,Push Forward,Defend deep,82,78,77,30,70,0,2,7,16,,Away Wins,You won
Preston North End,Swansea,Away,Away,4-5-1,4-2-3-1,Counter-attack,Man marking,No,Normal,Wing play,Zonal marking,Yes,Normal,No,No,Attack only,Push Forward,Defend deep,73,71,71,38,62,0,1,5,10,,Away Wins,You won
VfB Stuttgart,Schalke,Home,Away,4-2-3-1,6-3-1 B,Shoot on sight,Zonal marking,No,Aggresive,Counter-attack,Zonal marking,No,Normal,No,No,Attack only,Push Forward,Defend deep,62,58,73,42,58,0,1,4,8,,Away Wins,You won
Almeria,Osasuna,Away,Away,4-2-3-1,6-3-1 B,Shoot on sight,Zonal marking,No,Aggresive,Shoot on sight,Zonal marking,No,Aggresive,No,No,Attack only,Push Forward,Defend deep,73,75,77,31,69,0,5,3,11,Well played by the team and the manager. A win and dictating possession!,Away Wins,You won
Barito Putera,PSIS,Away,Away,3-3-4 A,3-3-4 B,Long ball,Zonal marking,Yes,Normal,Wing play,Zonal marking,No,Careful,No,No,Attack only,Stay in position,Defend deep,73,78,76,30,70,0,5,7,17,,Away Wins,You won
Middlesbrough,Swansea,Away,Away,3-3-2-2,4-4-2 B,Shoot on sight,Zonal marking,Yes,Normal,Passing game,Zonal marking,No,Careful,No,No,Attack only,Stay in position,Defend deep,73,71,71,31,69,0,4,3,11,,Away Wins,You won
1. FC Koln,Schalke,Away,Away,3-3-2-2,4-4-2 B,Shoot on sight,Zonal marking,Yes,Normal,Passing game,Zonal marking,No,Normal,No,No,Attack only,Stay in position,Defend deep,71,71,73,30,70,0,2,4,12,,Away Wins,You won
Osasuna,Rayo Vallecano,Home,Home,4-2-3-1,4-5-1,Wing play,Zonal marking,Yes,Careful,Counter-attack,Man marking,No,Normal,No,No,Attack only,Push Forward,Defend deep,76,77,76,64,36,4,0,11,3,,Home Wins,You Won
PSIS,Bali United,Home,Home,4-2-3-1,4-5-1,Wing play,Zonal marking,Yes,Normal,Long ball,Zonal marking,No,Aggresive,No,No,Attack only,Push Forward,Defend deep,78,78,78,61,39,1,0,16,1,Choosing Zonal marking was the right choice against this opponent. Good call!,Home Wins,You Won
Swansea,Burnley,Home,Home,4-3-3 B,4-4-2 B,Wing play,Zonal marking,No,Normal,Wing play,Zonal marking,No,Aggresive,No,No,Attack only,Stay in position,Defend deep,58,67,58,63,37,3,0,18,5,That Style of play really linked with the Formation. Good combination if you ask me!,Home Wins,You Won
Schalke,Monchengladbach,Home,Home,4-3-3 A,4-3-3 B,Shoot on sight,Zonal marking,No,Aggresive,Shoot on sight,Zonal marking,No,Aggresive,No,No,Attack only,Stay in position,Defend deep,64,68,53,61,39,1,0,13,5,"This is how I like my football! A lot of good chances and the win, beautiful!",Home Wins,You Won
Villareal,Osasuna,Away,Away,3-3-4 A,3-3-4 B,Long ball,Zonal marking,Yes,Normal,Wing play,Zonal marking,No,Aggresive,No,No,Attack only,Stay in position,Defend deep,73,78,76,30,70,0,3,7,16,,Away Wins,You won
Persib,PSIS,Away,Away,4-3-3 A,4-3-3 B,Passing game,Man marking,Yes,Normal,Shoot on sight,Zonal marking,No,Careful,No,No,Attack only,Push Forward,Defend deep,66,78,66,30,70,0,3,5,15,,Away Wins,You won
Reading,Swansea,Away,Away,4-5-1,4-2-3-1,Counter-attack,Man marking,No,Normal,Wing play,Zonal marking,Yes,Aggresive,No,No,Attack only,Push Forward,Defend deep,73,71,71,35,65,0,3,5,11,,Away Wins,You won
Schalke,Bayer Leverkusen,Away,Home,4-5-1,4-3-3 A,Shoot on sight,Zonal marking,Yes,Careful,Shoot on sight,Man marking,No,Aggresive,No,No,Attack only,Protect the defence,Defend deep,40,20,50,60,40,0,0,10,4,Liking that Style of play with this Formation. I think the players enjoyed it too!,Draw,Draw
Real Sociedad,Osasuna,Away,Away,4-2-3-1,6-3-1 B,Shoot on sight,Zonal marking,No,Aggresive,Counter-attack,Zonal marking,No,Careful,No,No,Attack only,Push Forward,Defend deep,62,62,76,39,61,0,1,3,7,"Purely looking at the back line, not using the Offside trap played out well against this opponent!",Away Wins,You won
PSIS,Persebaya,Home,Home,4-3-3 A,4-3-3 B,Wing play,Zonal marking,No,Careful,Wing play,Zonal marking,No,Aggresive,No,No,Attack only,Push Forward,Defend deep,65,78,66,65,35,5,0,18,8,"This is the way it should be in my opinion, an attacking Style against an opponent with less quality!",Home Wins,You Won
Werder Bremen,Schalke,Away,Away,5-3-1-1,4-4-2 B,Shoot on sight,Zonal marking,No,Aggresive,Passing game,Zonal marking,No,Aggresive,No,No,Attack only,Stay in position,Defend deep,65,72,65,43,57,0,1,8,10,Zonal marking against these forwards? I think it was the right call!,Away Wins,You won
Swansea,Luton Town,Home,Home,3-3-4 B,3-3-4 A,Wing play,Zonal marking,Yes,Aggresive,Long ball,Zonal marking,Yes,Normal,No,No,Attack only,Push Forward,Defend deep,77,78,78,66,34,6,0,20,4,,Home Wins,You Won
Osasuna,Valencia,Home,Home,4-3-3 B,4-4-2 B,Wing play,Zonal marking,No,Careful,Shoot on sight,Zonal marking,No,Aggresive,No,No,Attack only,Push Forward,Defend deep,75,75,59,66,34,6,0,18,3,Well played by the team and the manager. A win and dictating possession!,Home Wins,You Won
Schalke,Freiburg,Home,Home,4-4-2 B,3-3-2-2,Passing game,Zonal marking,No,Normal,Shoot on sight,Zonal marking,Yes,Normal,No,No,Attack only,Stay in position,Attacking full-backs,75,75,75,65,35,5,0,14,3,,Home Wins,You Won
PSIS,Madura United,Home,Home,4-3-3 B,4-4-2 B,Wing play,Zonal marking,No,Careful,Wing play,Man marking,No,Normal,No,No,Attack only,Push Forward,Defend deep,75,75,59,63,37,3,0,17,6,Liking that Style of play with this Formation. I think the players enjoyed it too!,Home Wins,You Won
Rotherham United,Swansea,Home,Away,4-2-3-1,6-3-1 B,Passing game,Zonal marking,No,Normal,Counter-attack,Zonal marking,No,Normal,No,No,Attack only,Push Forward,Defend deep,78,78,78,34,66,0,2,3,10,Well played by the team and the manager. A win and dictating possession!,Away Wins,You won
Athletic Bilbao,Osasuna,Away,Away,4-5-1,4-2-3-1,Counter-attack,Man marking,No,Normal,Wing play,Zonal marking,Yes,Careful,No,No,Attack only,Push Forward,Defend deep,75,75,75,46,54,1,2,7,8,,Away Wins,You won
Dewa United,PSIS,Away,Away,4-3-3 A,4-3-3 B,Passing game,Man marking,No,Normal,Shoot on sight,Zonal marking,No,Careful,No,No,Attack only,Push Forward,Defend deep,75,75,75,29,71,1,2,3,14,,Away Wins,You won
Swansea,Blackpool,Home,Home,4-3-3 B,4-4-2 B,Wing play,Zonal marking,No,Normal,Wing play,Man marking,No,Normal,No,No,Attack only,Stay in position,Defend deep,69,67,73,65,35,5,0,19,4,,Home Wins,You Won
Union Berlin,Schalke,Away,Away,4-3-3 A,4-3-3 B,Passing game,Man marking,No,Normal,Shoot on sight,Zonal marking,No,Careful,No,No,Attack only,Push Forward,Defend deep,75,75,75,37,63,0,1,6,11,,Away Wins,You won
Osasuna,Barcelona,Home,Home,4-3-3 A,4-3-3 B,Wing play,Zonal marking,No,Aggresive,Passing game,Man marking,Yes,Careful,No,No,Attack only,Stay in position,Defend deep,65,77,66,61,39,1,0,17,6,Good job instructing the players to go easy on the Tackling. Definitely with this trigger-happy referee!,Home Wins,You Won
Schalke,RB Leipzig,Home,Home,4-3-3 B,3-3-4 A,Wing play,Zonal marking,No,Normal,Shoot on sight,Zonal marking,Yes,Reckless,No,No,Attack only,Stay in position,Defend deep,75,75,75,62,38,2,1,14,7,Luckily this referee can handle that kind of Tackling. Great fit!,Home Wins,You Won
PSIS,PSM,Home,Home,4-3-3 B,4-4-2 B,Wing play,Zonal marking,No,Aggresive,Wing play,Man marking,No,Normal,No,No,Attack only,Push Forward,Defend deep,75,75,75,66,34,6,0,20,5,,Home Wins,You Won
QPR,Swansea,Home,Away,4-4-2 B,4-3-3 B,Wing play,Man marking,No,Aggresive,Wing play,Zonal marking,No,Careful,No,No,Attack only,Stay in position,Defend deep,75,75,75,30,70,0,7,1,19,Well played by the team and the manager. A win and dictating possession!,Away Wins,You won
Osasuna,Athletic Bilbao,Home,Home,4-3-3 A,3-3-4 A,Wing play,Zonal marking,No,Aggresive,Long ball,Zonal marking,Yes,Normal,No,No,Attack only,Push Forward,Defend deep,75,75,75,62,38,2,0,13,9,Smart move! Your left side was stronger than the opponent's right side. This made it very difficult for the opponent.,Home Wins,You Won
Tira-Persikabo,PSIS,Away,Away,3-3-2-2,4-4-2 B,Shoot on sight,Zonal marking,Yes,Normal,Passing game,Zonal marking,No,Normal,No,No,Attack only,Stay in position,Defend deep,75,75,75,30,70,0,5,3,12,Well played by the team and the manager. A win and dictating possession!,Away Wins,You won
Swansea,Hull City,Home,Home,4-2-3-1,4-5-1,Wing play,Zonal marking,Yes,Aggresive,Counter-attack,Man marking,No,Normal,No,No,Attack only,Push Forward,Defend deep,78,78,78,61,39,1,0,11,4,,Home Wins,You Won
Hoffenheim,Schalke,Home,Away,3-3-4 A,4-3-3 B,Long ball,Zonal marking,Yes,Normal,Wing play,Zonal marking,No,Aggresive,No,No,Attack only,Stay in position,Defend deep,75,75,75,30,70,0,5,7,15,Well played by the team and the manager. A win and dictating possession!,Away Wins,You won
PSIS,Persebaya,Home,Home,4-4-2 B,4-3-3 B,Passing game,Zonal marking,No,Normal,Wing play,Zonal marking,No,Aggresive,No,No,Attack only,Stay in position,Defend deep,75,75,75,50,50,3,1,13,14,,Home Wins,You Won
Osasuna,Getafe,Home,Home,4-4-2 B,3-3-2-2,Passing game,Zonal marking,No,Normal,Shoot on sight,Zonal marking,Yes,Normal,No,No,Attack only,Stay in position,Attacking full-backs,75,75,58,62,38,2,0,10,6,That Style of play really linked with the Formation. Good combination if you ask me!,Home Wins,You Won
PSS,PSIS,Away,Away,4-4-2 B,4-3-3 B,Wing play,Man marking,No,Normal,Wing play,Zonal marking,No,Aggresive,No,No,Attack only,Stay in position,Defend deep,75,75,75,30,70,0,9,5,20,,Away Wins,You won
Sunderland,Swansea,Away,Away,4-4-2 B,4-3-3 B,Wing play,Man marking,No,Normal,Wing play,Zonal marking,No,Aggresive,No,No,Attack only,Stay in position,Defend deep,75,75,75,30,70,0,3,6,19,,Away Wins,You won
Schalke,Bayern Munchen,Away,Home,4-2-3-1,4-3-3 B,Shoot on sight,Man marking,Yes,Careful,Shoot on sight,Zonal marking,No,Aggresive,No,No,Attack only,Protect the defence,Defend deep,55,46,39,53,47,1,1,11,10,Liking that Style of play with this Formation. I think the players enjoyed it too!,Draw,Draw
PSIS,Persija,Home,Home,3-5-2,3-4-3 A,Shoot on sight,Man marking,Yes,Aggresive,Shoot on sight,Zonal marking,Yes,Normal,No,No,Attack only,Push Forward,Defend deep,60,50,55,66,34,6,0,13,1,"I can get behind the Tactics! And a good win, what more could you ask?",Home Wins,You Won
Mallorca,Osasuna,Away,Away,4-4-2 B,4-3-3 B,Wing play,Man marking,No,Normal,Wing play,Zonal marking,No,Normal,No,No,Attack only,Stay in position,Defend deep,75,75,75,29,71,1,5,5,19,,Away Wins,You won
Swansea,Bristol City,Home,Home,4-3-3 B,3-3-4 A,Wing play,Zonal marking,No,Normal,Long ball,Zonal marking,Yes,Normal,No,No,Attack only,Stay in position,Defend deep,75,75,75,62,38,2,1,18,4,,Home Wins,You Won
Bayern Munchen,Schalke,Equal,Away,4-4-2 B,4-3-3 B,Shoot on sight,Zonal marking,No,Aggresive,Wing play,Zonal marking,No,Aggresive,No,No,Attack only,Stay in position,Defend deep,75,75,75,44,56,0,5,10,12,The team created a lot of chances and got the totally deserved win!,Away Wins,You won
Cardiff City,Swansea,Away,Away,5-2-3 A,4-4-2 B,Shoot on sight,Zonal marking,No,Aggresive,Passing game,Zonal marking,No,Aggresive,No,No,Attack only,Stay in position,Defend deep,75,75,75,30,70,0,2,5,12,,Away Wins,You won
Osasuna,Cadiz,Home,Home,4-3-3 B,4-4-2 B,Wing play,Zonal marking,No,Careful,Wing play,Man marking,No,Normal,No,No,Attack only,Stay in position,Defend deep,75,75,75,65,35,5,0,15,8,The team created a lot of chances and got the totally deserved win!,Home Wins,You Won
Bhayangkara,PSIS,Away,Away,4-5-1,4-2-3-1,Counter-attack,Man marking,No,Normal,Wing play,Zonal marking,Yes,Normal,No,No,Attack only,Push Forward,Defend deep,75,75,75,30,70,0,4,3,12,,Away Wins,You won
FC Augsburg,Schalke,Away,Away,3-3-4 A,4-3-3 B,Long ball,Zonal marking,Yes,Normal,Wing play,Zonal marking,No,Aggresive,No,No,Attack only,Stay in position,Defend deep,75,75,75,29,71,1,4,7,17,,Away Wins,You won
Girona,Osasuna,Away,Away,3-3-2-2,4-4-2 B,Long ball,Zonal marking,Yes,Normal,Shoot on sight,Zonal marking,Yes,Normal,No,No,Attack only,Stay in position,Attacking full-backs,85,79,79,45,55,0,1,6,8,Formation and Style of play were definitely not a match made in heaven. I should try something there!,Away Wins,You won
Bhayangkara,PSIS,Away,Away,4-3-3 A,4-3-3 B,Passing game,Man marking,No,Normal,Shoot on sight,Zonal marking,Yes,Normal,No,No,Attack only,Push Forward,Defend deep,66,78,66,29,71,1,2,5,18,,Away Wins,You won
Blackpool,Swansea,Away,Away,4-5-1,4-2-3-1,Counter-attack,Man marking,No,Normal,Wing play,Zonal marking,Yes,Careful,No,No,Attack only,Stay in position,Defend deep,70,70,70,30,70,0,2,3,14,,Away Wins,You won
FC Augsburg,Schalke,Away,Away,3-3-4 A,4-3-3 B,Long ball,Zonal marking,Yes,Normal,Wing play,Zonal marking,No,Aggresive,No,No,Attack only,Stay in position,Defend deep,64,75,75,30,70,0,7,6,16,"The fans are loving this, three points and dominating possession. Nice!",Away Wins,You won
Osasuna,Espanyol,Home,Home,4-3-3 B,4-3-3 A,Wing play,Zonal marking,Yes,Normal,Passing game,Man marking,No,Normal,No,No,Attack only,Stay in position,Defend deep,66,67,78,65,35,5,0,18,4,,Home Wins,You Won
PSIS,Persita,Home,Home,4-3-3 B,4-3-3 A,Wing play,Zonal marking,Yes,Normal,Passing game,Man marking,No,Normal,No,No,Attack only,Stay in position,Defend deep,66,67,78,66,34,6,0,17,3,,Home Wins,You Won
Swansea,Blackburn Rovers,Away,Home,4-3-3 A,4-3-3 B,Wing play,Zonal marking,No,Careful,Wing play,Zonal marking,No,Normal,No,No,Attack only,Push Forward,Defend deep,65,78,66,44,56,0,3,12,14,That Style of play really linked with the Formation. Good combination if you ask me!,Away Wins,You lost
Schalke,1. FC KÃ¶ln,Home,Home,4-3-3 B,4-3-3 A,Wing play,Zonal marking,Yes,Aggresive,Passing game,Man marking,No,Normal,No,No,Attack only,Stay in position,Defend deep,66,67,78,60,40,2,1,11,9,,Home Wins,You Won
Real Madrid,Osasuna,Away,Away,4-4-2 B,4-3-3 B,Wing play,Man marking,No,Normal,Wing play,Zonal marking,No,Aggresive,No,No,Attack only,Stay in position,Defend deep,58,67,58,39,61,0,4,10,14,That Style of play really linked with the Formation. Good combination if you ask me!,Away Wins,You won
Madura United,PSIS,Away,Away,4-3-3 A,4-3-3 B,Passing game,Man marking,No,Normal,Wing play,Zonal marking,Yes,Normal,No,No,Attack only,Stay in position,Defend deep,66,67,78,30,70,0,4,2,20,,Away Wins,You won
Sheffield United,Swansea,Away,Away,5-3-1-1,4-4-2 B,Shoot on sight,Zonal marking,No,Aggresive,Passing game,Zonal marking,No,Normal,No,No,Attack only,Stay in position,Defend deep,65,72,65,30,70,0,3,4,11,,Away Wins,You won
Eintracht Frankfurt,Schalke,Away,Away,5-4-1 A,4-4-2 B,Shoot on sight,Zonal marking,No,Aggresive,Passing game,Zonal marking,No,Normal,No,No,Attack only,Stay in position,Defend deep,65,72,65,30,70,0,5,6,17,,Away Wins,You won
Osasuna,Sevilla,Home,Home,4-4-2 B,4-3-3 B,Passing game,Zonal marking,No,Aggresive,Shoot on sight,Zonal marking,No,Reckless,No,No,Attack only,Stay in position,Defend deep,75,75,75,64,36,4,1,14,7,,Home Wins,You Won
PSIS,Rans,Equal,Home,4-4-2 B,3-3-2-2,Passing game,Zonal marking,No,Aggresive,Shoot on sight,Zonal marking,Yes,Normal,No,No,Attack only,Push Forward,Defend deep,75,75,75,60,40,0,0,10,5,"This is the way it should be in my opinion, an attacking Style against an opponent with less quality!",Draw,Draw
Swansea,Watford,Home,Home,4-3-3 B,4-3-3 A,Wing play,Zonal marking,Yes,Careful,Passing game,Man marking,No,Normal,No,No,Attack only,Stay in position,Defend deep,66,67,78,64,36,4,1,13,8,,Home Wins,You Won
Schalke,Mainz,Home,Home,4-3-3 B,4-4-2 B,Wing play,Zonal marking,No,Aggresive,Wing play,Man marking,No,Normal,No,No,Attack only,Stay in position,Defend deep,69,67,73,65,35,5,0,18,6,,Home Wins,You Won
Real Betis,Osasuna,Away,Away,4-3-3 B,4-3-3 A,Shoot on sight,Zonal marking,No,Aggresive,Wing play,Zonal marking,No,Normal,No,No,Attack only,Stay in position,Defend deep,65,77,66,30,70,0,4,3,18,,Away Wins,You won
PSIS,Arema,Home,Home,4-5-1,4-2-3-1,Shoot on sight,Zonal marking,No,Careful,Counter-attack,Zonal marking,No,Aggresive,No,No,Attack only,Push Forward,Defend deep,61,63,79,65,35,5,0,12,1,,Home Wins,You Won
Coventry City,Swansea,Away,Away,3-3-2-2,4-4-2 B,Shoot on sight,Zonal marking,Yes,Normal,Passing game,Zonal marking,No,Careful,No,No,Attack only,Stay in position,Attacking full-backs,75,75,75,30,70,0,1,4,12,,Away Wins,You won
Osasuna,Sevilla,Home,Home,4-3-3 A,4-3-3 B,Wing play,Zonal marking,No,Normal,Shoot on sight,Zonal marking,No,Reckless,No,No,Attack only,Stay in position,Defend deep,66,77,66,60,40,0,0,18,10,,Draw,Draw
VfL Bochum,Schalke,Away,Away,4-5-1,4-2-3-1,Counter-attack,Man marking,No,Normal,Wing play,Zonal marking,Yes,Aggresive,No,No,Attack only,Push Forward,Defend deep,76,77,76,31,69,0,4,4,11,,Away Wins,You won
Swansea,Stoke City,Home,Home,4-4-2 B,3-3-2-2,Passing game,Zonal marking,No,Normal,Shoot on sight,Zonal marking,Yes,Normal,No,No,Attack only,Stay in position,Attacking full-backs,75,75,75,61,39,1,0,13,2,Zonal marking against these forwards? I think it was the right call!,Home Wins,You Won
Persik,PSIS,Away,Away,4-3-3 A,4-3-3 B,Passing game,Man marking,No,Normal,Passing game,Man marking,No,Aggresive,No,No,Attack only,Stay in position,Defend deep,66,67,78,30,70,0,1,5,13,,Away Wins,You won
Osasuna,Atletico Madrid,Away,Home,4-5-1,4-3-3 A,Shoot on sight,Zonal marking,No,Reckless,Passing game,Zonal marking,No,Aggresive,Yes,Yes,Attack only,Protect the defence,Defend deep,40,20,25,45,55,0,2,5,8,That injury could have been the consequence of the team's reckless Tackling!,Away Wins,You lost
Schalke,VfL Wolfsburg,Home,Home,4-3-3 A,4-3-3 B,Wing play,Zonal marking,No,Aggresive,Shoot on sight,Zonal marking,No,Aggresive,No,No,Attack only,Stay in position,Defend deep,65,77,66,63,37,3,0,12,4,,Home Wins,You Won
Wigan Athletic,Swansea,Away,Away,4-5-1,4-2-3-1,Counter-attack,Man marking,No,Normal,Wing play,Zonal marking,Yes,Normal,No,No,Attack only,Push Forward,Defend deep,73,71,71,30,70,0,4,2,13,,Away Wins,You won
Persis Solo,PSIS,Away,Away,3-3-2-2,4-4-2 B,Shoot on sight,Zonal marking,Yes,Normal,Passing game,Zonal marking,No,Careful,No,No,Attack only,Stay in position,Attacking full-backs,85,79,79,39,61,0,1,6,9,Liking that Style of play with this Formation. I think the players enjoyed it too!,Away Wins,You won
Celta Vigo,Osasuna,Away,Away,4-4-2 B,4-3-3 B,Wing play,Man marking,No,Normal,Wing play,Zonal marking,No,Careful,No,No,Attack only,Stay in position,Defend deep,58,67,58,34,66,0,0,8,14,That Style of play really linked with the Formation. Good combination if you ask me!,Draw,Draw
Borussia Dortmund,Schalke,Away,Away,4-2-3-1,6-3-1 B,Shoot on sight,Zonal marking,No,Aggresive,Counter-attack,Zonal marking,No,Normal,No,No,Attack only,Push Forward,Defend deep,78,78,78,42,58,1,1,5,7,"Purely looking at the back line, not using the Offside trap played out well against this opponent!",Draw,Draw
Birmingham City,Swansea,Away,Away,4-4-2 B,4-3-3 B,Wing play,Man marking,No,Normal,Wing play,Zonal marking,No,Aggresive,No,No,Attack only,Stay in position,Defend deep,58,67,58,30,70,0,5,4,19,,Away Wins,You won
Borneo,PSIS,Away,Away,3-3-2-2,4-4-2 B,Shoot on sight,Zonal marking,Yes,Normal,Passing game,Zonal marking,No,Normal,No,No,Attack only,Stay in position,Defend deep,73,71,71,38,62,0,2,6,9,"This is the way it should be in my opinion, an attacking Style against an opponent with less quality!",Away Wins,You won
Osasuna,Valladolid,Home,Home,4-3-3 B,3-3-4 A,Wing play,Zonal marking,No,Careful,Long ball,Zonal marking,Yes,Normal,No,No,Attack only,Stay in position,Defend deep,71,71,71,67,33,7,0,16,6,,Home Wins,You Won
Schalke,VfB Stuttgart,Home,Home,4-5-1,4-2-3-1,Wing play,Zonal marking,No,Aggresive,Shoot on sight,Zonal marking,No,Aggresive,No,No,Attack only,Push Forward,Defend deep,61,63,79,61,39,1,0,10,1,Choosing Zonal marking was the right choice against this opponent. Good call!,Home Wins,You Won
Swansea,Middlesbrough,Home,Home,4-4-2 B,3-3-2-2,Passing game,Zonal marking,No,Aggresive,Shoot on sight,Zonal marking,Yes,Normal,No,No,Attack only,Stay in position,Attacking full-backs,75,75,58,63,37,3,0,12,5,,Home Wins,You Won
PSIS,Barito Putera,Home,Home,4-3-3 B,4-3-3 A,Wing play,Zonal marking,Yes,Aggresive,Passing game,Man marking,No,Normal,No,No,Attack only,Stay in position,Defend deep,66,67,78,63,37,3,0,15,5,,Home Wins,You Won
Elche,Osasuna,Away,Away,4-5-1,4-2-3-1,Counter-attack,Man marking,No,Normal,Wing play,Zonal marking,Yes,Normal,No,No,Attack only,Stay in position,Defend deep,75,75,75,41,59,0,3,6,9,Zonal marking against these forwards? I think it was the right call!,Away Wins,You won
Borussia Monchengladbach,Schalke,Away,Away,4-3-3 B,4-3-3 A,Shoot on sight,Zonal marking,No,Aggresive,Wing play,Zonal marking,No,Normal,No,No,Attack only,Stay in position,Defend deep,65,77,66,30,70,0,1,3,18,,Away Wins,You won
Norwich City,Swansea,Home,Away,4-3-3 B,4-5-1,Wing play,Zonal marking,No,Aggresive,Shoot on sight,Zonal marking,No,Aggresive,No,No,Attack only,Protect the defence,Defend deep,50,35,65,61,39,3,0,12,7,Luckily this referee can handle that kind of Tackling. Great fit!,Home Wins,You lost
Bali United,PSIS,Away,Away,4-2-3-1,4-5-1,Long ball,Zonal marking,No,Aggresive,Shoot on sight,Zonal marking,No,Normal,No,No,Attack only,Push Forward,Defend deep,73,75,77,30,70,0,1,2,14,,Away Wins,You won
Osasuna,Almeria,Home,Home,4-5-1,4-2-3-1,Wing play,Zonal marking,No,Aggresive,Shoot on sight,Zonal marking,No,Aggresive,No,No,Attack only,Stay in position,Defend deep,61,63,79,63,37,3,0,14,4,,Home Wins,You Won
PSIS,Persib,Home,Home,4-3-3 B,4-3-3 A,Wing play,Zonal marking,Yes,Normal,Passing game,Man marking,No,Normal,No,No,Attack only,Stay in position,Defend deep,66,67,78,66,34,6,0,19,4,,Home Wins,You Won
West Bromwich Albion,Swansea,Away,Away,3-3-4 A,4-3-3 B,Long ball,Zonal marking,Yes,Normal,Wing play,Zonal marking,No,Careful,No,No,Attack only,Stay in position,Defend deep,71,71,71,30,70,0,2,4,16,,Away Wins,You won
Bayer 04 Leverkusen,Schalke,Home,Away,3-4-3 B,3-5-2,Passing game,Man marking,No,Careful,Shoot on sight,Man marking,Yes,Careful,No,No,Attack only,Stay in position,Defend deep,58,36,54,54,46,0,0,8,6,That was a poor match from the team. I think some tactical changes could make a difference!,Draw,Draw
Rayo Vallecano,Osasuna,Away,Away,3-3-4 A,4-3-3 B,Long ball,Zonal marking,Yes,Normal,Wing play,Zonal marking,No,Aggresive,No,No,Attack only,Stay in position,Defend deep,71,71,71,30,70,0,7,5,18,,Away Wins,You won
Persebaya,PSIS,Away,Away,4-3-3 B,4-4-2 B,Wing play,Zonal marking,No,Aggresive,Passing game,Zonal marking,No,Aggresive,No,No,Attack only,Stay in position,Defend deep,75,75,75,30,70,0,8,2,20,,Away Wins,You won
Wigan Athletic,Swansea,Away,Away,4-5-1,4-2-3-1,Counter-attack,Man marking,No,Normal,Wing play,Zonal marking,Yes,Aggresive,No,No,Attack only,Stay in position,Defend deep,75,75,75,37,63,0,3,6,9,The attacking Style really benefited the players against a lesser opponent!,Away Wins,You won
Osasuna,Villareal,Home,Home,4-3-3 B,4-4-2 B,Wing play,Zonal marking,No,Aggresive,Shoot on sight,Man marking,Yes,Aggresive,No,No,Attack only,Stay in position,Defend deep,71,71,71,63,37,3,0,16,7,The attacking Style really benefited the players against a lesser opponent!,Home Wins,You Won
Borneo,PSIS,Away,Away,4-3-3 A,4-3-3 B,Passing game,Man marking,No,Normal,Wing play,Zonal marking,Yes,Normal,No,No,Attack only,Stay in position,Defend deep,66,67,78,30,70,0,5,4,15,,Away Wins,You won
Schalke,Werder Bremen,Home,Home,4-4-2 B,5-3-1-1,Passing game,Zonal marking,No,Careful,Shoot on sight,Zonal marking,No,Aggresive,No,No,Attack only,Stay in position,Defend deep,65,72,65,61,39,1,0,14,4,"That referee is known as a pretty tough one, good thing the players held back.",Home Wins,You Won
Swansea,Millwall,Home,Home,4-4-2 B,3-3-2-2,Passing game,Zonal marking,No,Normal,Shoot on sight,Zonal marking,Yes,Normal,No,No,Attack only,Stay in position,Attacking full-backs,75,75,75,53,47,4,0,7,8,Zonal marking against these forwards? I think it was the right call!,Home Wins,You Won
Osasuna,Real Sociedad,Home,Home,4-5-1,4-2-3-1,Wing play,Zonal marking,No,Careful,Shoot on sight,Zonal marking,No,Aggresive,No,No,Attack only,Push Forward,Defend deep,61,63,79,64,36,4,0,13,3,,Home Wins,You Won
PSIS,Dewa United,Home,Home,4-3-3 B,4-3-3 A,Wing play,Zonal marking,Yes,Aggresive,Passing game,Man marking,No,Normal,No,No,Attack only,Stay in position,Defend deep,66,67,78,64,36,4,0,15,6,,Home Wins,You Won
Freiburg,Schalke,Home,Away,4-4-2 B,4-3-3 B,Wing play,Man marking,No,Aggresive,Wing play,Zonal marking,No,Careful,No,No,Attack only,Stay in position,Defend deep,75,75,75,30,70,0,3,4,20,,Away Wins,You won
Huddersfield Town,Swansea,Away,Away,4-5-1,4-2-3-1,Counter-attack,Man marking,No,Normal,Wing play,Zonal marking,Yes,Careful,No,No,Attack only,Push Forward,Defend deep,73,71,71,37,63,1,2,6,11,Good job instructing the players to go easy on the Tackling. Definitely with this trigger-happy referee!,Away Wins,You won
Valencia,Osasuna,Away,Away,4-4-2 B,4-3-3 B,Shoot on sight,Zonal marking,No,Aggresive,Wing play,Zonal marking,No,Aggresive,No,No,Attack only,Stay in position,Defend deep,75,75,75,30,70,0,5,4,15,,Away Wins,You won
Schalke,FC Union Berlin,Home,Home,4-2-3-1,4-5-1,Wing play,Zonal marking,Yes,Aggresive,Counter-attack,Man marking,No,Normal,No,No,Attack only,Push Forward,Defend deep,76,77,76,61,39,1,0,10,5,,Home Wins,You Won
Swansea,Preston North End,Home,Home,4-4-2 B,3-3-2-2,Passing game,Zonal marking,No,Careful,Shoot on sight,Zonal marking,Yes,Normal,No,No,Attack only,Stay in position,Attacking full-backs,85,79,79,62,38,2,0,14,2,"This is how I like my football! A lot of good chances and the win, beautiful!",Home Wins,You Won
Osasuna,Athletic Bilbao,Home,Home,4-3-3 B,4-4-2 B,Wing play,Zonal marking,No,Aggresive,Wing play,Man marking,No,Aggresive,No,No,Attack only,Stay in position,Defend deep,75,75,75,64,36,4,0,15,8,"This is how I like my football! A lot of good chances and the win, beautiful!",Home Wins,You Won
Burnley,Swansea,Away,Away,4-4-2 B,4-3-3 B,Wing play,Zonal marking,No,Aggresive,Wing play,Zonal marking,No,Aggresive,No,No,Attack only,Stay in position,Defend deep,75,75,75,30,70,0,7,5,19,,Away Wins,You won
RB Leipzig,Schalke,Away,Away,3-3-4 A,3-3-4 B,Shoot on sight,Zonal marking,Yes,Reckless,Wing play,Zonal marking,No,Normal,No,No,Attack only,Stay in position,Defend deep,73,78,76,30,70,0,7,4,19,Maybe using the Offside trap wasn't such a bad idea against today's opponent. I saw some opportunities.,Away Wins,You won
Atletico Madrid,Osasuna,Home,Away,4-3-3 A,5-3-2,Passing game,Zonal marking,No,Aggresive,Shoot on sight,Zonal marking,No,Aggresive,Yes,Yes,Attack only,Protect the defence,Defend deep,31,21,30,63,37,3,0,13,6,Formation and Style of play were definitely not a match made in heaven. I should try something there!,Home Wins,You lost
Swansea,Reading,Home,Home,4-4-2 B,3-3-2-2,Passing game,Zonal marking,No,Normal,Shoot on sight,Zonal marking,Yes,Normal,No,No,Attack only,Stay in position,Attacking full-backs,82,78,77,65,35,5,0,14,3,,Home Wins,You Won
Schalke,Hoffenheim,Home,Home,4-4-2 B,3-3-2-2,Passing game,Zonal marking,No,Normal,Shoot on sight,Zonal marking,Yes,Normal,No,No,Attack only,Stay in position,Attacking full-backs,82,78,77,64,36,4,0,11,5,,Home Wins,You Won
Barcelona,Osasuna,Away,Away,4-3-3 B,4-3-3 A,Passing game,Man marking,Yes,Aggresive,Wing play,Zonal marking,No,Normal,No,No,Attack only,Stay in position,Defend deep,65,77,66,29,71,1,6,4,17,,Away Wins,You won
Schalke,Bayern Munchen,Home,Home,4-3-3 A,4-3-3 B,Wing play,Zonal marking,No,Careful,Shoot on sight,Zonal marking,No,Aggresive,No,No,Attack only,Stay in position,Defend deep,65,77,66,59,41,4,0,12,8,,Home Wins,You Won
Luton Town,Swansea,Away,Away,4-5-1,4-2-3-1,Counter-attack,Man marking,No,Normal,Wing play,Zonal marking,Yes,Normal,No,No,Attack only,Push Forward,Defend deep,73,71,71,30,70,0,3,4,13,,Away Wins,You won
Schalke,FC Augsburg,Home,Home,4-3-3 B,4-4-2 B,Wing play,Zonal marking,No,Careful,Wing play,Man marking,No,Normal,No,No,Attack only,Stay in position,Defend deep,75,75,75,62,38,2,0,15,6,The attacking Style really benefited the players against a lesser opponent!,Home Wins,You Won
Swansea,Rotherham United,Home,Home,4-5-1,4-2-3-1,Wing play,Zonal marking,No,Normal,Passing game,Zonal marking,No,Normal,No,No,Attack only,Push Forward,Defend deep,61,63,79,63,37,3,0,15,3,,Home Wins,You Won
Schalke,Hertha Berlin,Home,Home,4-2-3-1,4-5-1,Wing play,Zonal marking,Yes,Normal,Counter-attack,Man marking,No,Normal,No,No,Attack only,Push Forward,Defend deep,76,77,76,63,37,3,0,12,3,,Home Wins,You Won
Blackpool,Swansea,Away,Away,4-5-1,4-2-3-1,Counter-attack,Man marking,No,Normal,Wing play,Zonal marking,Yes,Normal,No,No,Attack only,Push Forward,Defend deep,73,71,71,41,59,0,2,6,9,,Away Wins,You won
FC Koln,Schalke,Away,Away,4-5-1,4-2-3-1,Counter-attack,Man marking,No,Normal,Wing play,Zonal marking,Yes,Normal,No,No,Attack only,Push Forward,Defend deep,73,71,71,30,70,0,2,3,13,,Away Wins,You won
Swansea,Queens Park Rangers,Home,Home,4-3-3 B,3-3-4 A,Wing play,Zonal marking,No,Aggresive,Long ball,Zonal marking,Yes,Normal,No,No,Attack only,Stay in position,Defend deep,71,71,71,63,37,3,0,20,2,The attacking Style really benefited the players against a lesser opponent!,Home Wins,You Won
